Nom,Lien
Bulbasaur,https://pokemondb.net/pokedex/bulbasaur
Ivysaur,https://pokemondb.net/pokedex/ivysaur
Venusaur,https://pokemondb.net/pokedex/venusaur
Charmander,https://pokemondb.net/pokedex/charmander
Charmeleon,https://pokemondb.net/pokedex/charmeleon
Charizard,https://pokemondb.net/pokedex/charizard
Squirtle,https://pokemondb.net/pokedex/squirtle
Wartortle,https://pokemondb.net/pokedex/wartortle
Blastoise,https://pokemondb.net/pokedex/blastoise
Caterpie,https://pokemondb.net/pokedex/caterpie
Metapod,https://pokemondb.net/pokedex/metapod
Butterfree,https://pokemondb.net/pokedex/butterfree
Weedle,https://pokemondb.net/pokedex/weedle
Kakuna,https://pokemondb.net/pokedex/kakuna
Beedrill,https://pokemondb.net/pokedex/beedrill
Pidgey,https://pokemondb.net/pokedex/pidgey
Pidgeotto,https://pokemondb.net/pokedex/pidgeotto
Pidgeot,https://pokemondb.net/pokedex/pidgeot
Rattata,https://pokemondb.net/pokedex/rattata
Raticate,https://pokemondb.net/pokedex/raticate
Spearow,https://pokemondb.net/pokedex/spearow
Fearow,https://pokemondb.net/pokedex/fearow
Ekans,https://pokemondb.net/pokedex/ekans
Arbok,https://pokemondb.net/pokedex/arbok
Pikachu,https://pokemondb.net/pokedex/pikachu
Raichu,https://pokemondb.net/pokedex/raichu
Sandshrew,https://pokemondb.net/pokedex/sandshrew
Sandslash,https://pokemondb.net/pokedex/sandslash
Nidoran♀,https://pokemondb.net/pokedex/nidoran-f
Nidorina,https://pokemondb.net/pokedex/nidorina
Nidoqueen,https://pokemondb.net/pokedex/nidoqueen
Nidoran♂,https://pokemondb.net/pokedex/nidoran-m
Nidorino,https://pokemondb.net/pokedex/nidorino
Nidoking,https://pokemondb.net/pokedex/nidoking
Clefairy,https://pokemondb.net/pokedex/clefairy
Clefable,https://pokemondb.net/pokedex/clefable
Vulpix,https://pokemondb.net/pokedex/vulpix
Ninetales,https://pokemondb.net/pokedex/ninetales
Jigglypuff,https://pokemondb.net/pokedex/jigglypuff
Wigglytuff,https://pokemondb.net/pokedex/wigglytuff
Zubat,https://pokemondb.net/pokedex/zubat
Golbat,https://pokemondb.net/pokedex/golbat
Oddish,https://pokemondb.net/pokedex/oddish
Gloom,https://pokemondb.net/pokedex/gloom
Vileplume,https://pokemondb.net/pokedex/vileplume
Paras,https://pokemondb.net/pokedex/paras
Parasect,https://pokemondb.net/pokedex/parasect
Venonat,https://pokemondb.net/pokedex/venonat
Venomoth,https://pokemondb.net/pokedex/venomoth
Diglett,https://pokemondb.net/pokedex/diglett
Dugtrio,https://pokemondb.net/pokedex/dugtrio
Meowth,https://pokemondb.net/pokedex/meowth
Persian,https://pokemondb.net/pokedex/persian
Psyduck,https://pokemondb.net/pokedex/psyduck
Golduck,https://pokemondb.net/pokedex/golduck
Mankey,https://pokemondb.net/pokedex/mankey
Primeape,https://pokemondb.net/pokedex/primeape
Growlithe,https://pokemondb.net/pokedex/growlithe
Arcanine,https://pokemondb.net/pokedex/arcanine
Poliwag,https://pokemondb.net/pokedex/poliwag
Poliwhirl,https://pokemondb.net/pokedex/poliwhirl
Poliwrath,https://pokemondb.net/pokedex/poliwrath
Abra,https://pokemondb.net/pokedex/abra
Kadabra,https://pokemondb.net/pokedex/kadabra
Alakazam,https://pokemondb.net/pokedex/alakazam
Machop,https://pokemondb.net/pokedex/machop
Machoke,https://pokemondb.net/pokedex/machoke
Machamp,https://pokemondb.net/pokedex/machamp
Bellsprout,https://pokemondb.net/pokedex/bellsprout
Weepinbell,https://pokemondb.net/pokedex/weepinbell
Victreebel,https://pokemondb.net/pokedex/victreebel
Tentacool,https://pokemondb.net/pokedex/tentacool
Tentacruel,https://pokemondb.net/pokedex/tentacruel
Geodude,https://pokemondb.net/pokedex/geodude
Graveler,https://pokemondb.net/pokedex/graveler
Golem,https://pokemondb.net/pokedex/golem
Ponyta,https://pokemondb.net/pokedex/ponyta
Rapidash,https://pokemondb.net/pokedex/rapidash
Slowpoke,https://pokemondb.net/pokedex/slowpoke
Slowbro,https://pokemondb.net/pokedex/slowbro
Magnemite,https://pokemondb.net/pokedex/magnemite
Magneton,https://pokemondb.net/pokedex/magneton
Farfetch'd,https://pokemondb.net/pokedex/farfetchd
Doduo,https://pokemondb.net/pokedex/doduo
Dodrio,https://pokemondb.net/pokedex/dodrio
Seel,https://pokemondb.net/pokedex/seel
Dewgong,https://pokemondb.net/pokedex/dewgong
Grimer,https://pokemondb.net/pokedex/grimer
Muk,https://pokemondb.net/pokedex/muk
Shellder,https://pokemondb.net/pokedex/shellder
Cloyster,https://pokemondb.net/pokedex/cloyster
Gastly,https://pokemondb.net/pokedex/gastly
Haunter,https://pokemondb.net/pokedex/haunter
Gengar,https://pokemondb.net/pokedex/gengar
Onix,https://pokemondb.net/pokedex/onix
Drowzee,https://pokemondb.net/pokedex/drowzee
Hypno,https://pokemondb.net/pokedex/hypno
Krabby,https://pokemondb.net/pokedex/krabby
Kingler,https://pokemondb.net/pokedex/kingler
Voltorb,https://pokemondb.net/pokedex/voltorb
Electrode,https://pokemondb.net/pokedex/electrode
Exeggcute,https://pokemondb.net/pokedex/exeggcute
Exeggutor,https://pokemondb.net/pokedex/exeggutor
Cubone,https://pokemondb.net/pokedex/cubone
Marowak,https://pokemondb.net/pokedex/marowak
Hitmonlee,https://pokemondb.net/pokedex/hitmonlee
Hitmonchan,https://pokemondb.net/pokedex/hitmonchan
Lickitung,https://pokemondb.net/pokedex/lickitung
Koffing,https://pokemondb.net/pokedex/koffing
Weezing,https://pokemondb.net/pokedex/weezing
Rhyhorn,https://pokemondb.net/pokedex/rhyhorn
Rhydon,https://pokemondb.net/pokedex/rhydon
Chansey,https://pokemondb.net/pokedex/chansey
Tangela,https://pokemondb.net/pokedex/tangela
Kangaskhan,https://pokemondb.net/pokedex/kangaskhan
Horsea,https://pokemondb.net/pokedex/horsea
Seadra,https://pokemondb.net/pokedex/seadra
Goldeen,https://pokemondb.net/pokedex/goldeen
Seaking,https://pokemondb.net/pokedex/seaking
Staryu,https://pokemondb.net/pokedex/staryu
Starmie,https://pokemondb.net/pokedex/starmie
Mr. Mime,https://pokemondb.net/pokedex/mr.-mime
Scyther,https://pokemondb.net/pokedex/scyther
Jynx,https://pokemondb.net/pokedex/jynx
Electabuzz,https://pokemondb.net/pokedex/electabuzz
Magmar,https://pokemondb.net/pokedex/magmar
Pinsir,https://pokemondb.net/pokedex/pinsir
Tauros,https://pokemondb.net/pokedex/tauros
Magikarp,https://pokemondb.net/pokedex/magikarp
Gyarados,https://pokemondb.net/pokedex/gyarados
Lapras,https://pokemondb.net/pokedex/lapras
Ditto,https://pokemondb.net/pokedex/ditto
Eevee,https://pokemondb.net/pokedex/eevee
Vaporeon,https://pokemondb.net/pokedex/vaporeon
Jolteon,https://pokemondb.net/pokedex/jolteon
Flareon,https://pokemondb.net/pokedex/flareon
Porygon,https://pokemondb.net/pokedex/porygon
Omanyte,https://pokemondb.net/pokedex/omanyte
Omastar,https://pokemondb.net/pokedex/omastar
Kabuto,https://pokemondb.net/pokedex/kabuto
Kabutops,https://pokemondb.net/pokedex/kabutops
Aerodactyl,https://pokemondb.net/pokedex/aerodactyl
Snorlax,https://pokemondb.net/pokedex/snorlax
Articuno,https://pokemondb.net/pokedex/articuno
Zapdos,https://pokemondb.net/pokedex/zapdos
Moltres,https://pokemondb.net/pokedex/moltres
Dratini,https://pokemondb.net/pokedex/dratini
Dragonair,https://pokemondb.net/pokedex/dragonair
Dragonite,https://pokemondb.net/pokedex/dragonite
Mewtwo,https://pokemondb.net/pokedex/mewtwo
Mew,https://pokemondb.net/pokedex/mew
Chikorita,https://pokemondb.net/pokedex/chikorita
Bayleef,https://pokemondb.net/pokedex/bayleef
Meganium,https://pokemondb.net/pokedex/meganium
Cyndaquil,https://pokemondb.net/pokedex/cyndaquil
Quilava,https://pokemondb.net/pokedex/quilava
Typhlosion,https://pokemondb.net/pokedex/typhlosion
Totodile,https://pokemondb.net/pokedex/totodile
Croconaw,https://pokemondb.net/pokedex/croconaw
Feraligatr,https://pokemondb.net/pokedex/feraligatr
Sentret,https://pokemondb.net/pokedex/sentret
Furret,https://pokemondb.net/pokedex/furret
Hoothoot,https://pokemondb.net/pokedex/hoothoot
Noctowl,https://pokemondb.net/pokedex/noctowl
Ledyba,https://pokemondb.net/pokedex/ledyba
Ledian,https://pokemondb.net/pokedex/ledian
Spinarak,https://pokemondb.net/pokedex/spinarak
Ariados,https://pokemondb.net/pokedex/ariados
Crobat,https://pokemondb.net/pokedex/crobat
Chinchou,https://pokemondb.net/pokedex/chinchou
Lanturn,https://pokemondb.net/pokedex/lanturn
Pichu,https://pokemondb.net/pokedex/pichu
Cleffa,https://pokemondb.net/pokedex/cleffa
Igglybuff,https://pokemondb.net/pokedex/igglybuff
Togepi,https://pokemondb.net/pokedex/togepi
Togetic,https://pokemondb.net/pokedex/togetic
Natu,https://pokemondb.net/pokedex/natu
Xatu,https://pokemondb.net/pokedex/xatu
Mareep,https://pokemondb.net/pokedex/mareep
Flaaffy,https://pokemondb.net/pokedex/flaaffy
Ampharos,https://pokemondb.net/pokedex/ampharos
Bellossom,https://pokemondb.net/pokedex/bellossom
Marill,https://pokemondb.net/pokedex/marill
Azumarill,https://pokemondb.net/pokedex/azumarill
Sudowoodo,https://pokemondb.net/pokedex/sudowoodo
Politoed,https://pokemondb.net/pokedex/politoed
Hoppip,https://pokemondb.net/pokedex/hoppip
Skiploom,https://pokemondb.net/pokedex/skiploom
Jumpluff,https://pokemondb.net/pokedex/jumpluff
Aipom,https://pokemondb.net/pokedex/aipom
Sunkern,https://pokemondb.net/pokedex/sunkern
Sunflora,https://pokemondb.net/pokedex/sunflora
Yanma,https://pokemondb.net/pokedex/yanma
Wooper,https://pokemondb.net/pokedex/wooper
Quagsire,https://pokemondb.net/pokedex/quagsire
Espeon,https://pokemondb.net/pokedex/espeon
Umbreon,https://pokemondb.net/pokedex/umbreon
Murkrow,https://pokemondb.net/pokedex/murkrow
Slowking,https://pokemondb.net/pokedex/slowking
Misdreavus,https://pokemondb.net/pokedex/misdreavus
Unown,https://pokemondb.net/pokedex/unown
Wobbuffet,https://pokemondb.net/pokedex/wobbuffet
Girafarig,https://pokemondb.net/pokedex/girafarig
Pineco,https://pokemondb.net/pokedex/pineco
Forretress,https://pokemondb.net/pokedex/forretress
Dunsparce,https://pokemondb.net/pokedex/dunsparce
Gligar,https://pokemondb.net/pokedex/gligar
Steelix,https://pokemondb.net/pokedex/steelix
Snubbull,https://pokemondb.net/pokedex/snubbull
Granbull,https://pokemondb.net/pokedex/granbull
Qwilfish,https://pokemondb.net/pokedex/qwilfish
Scizor,https://pokemondb.net/pokedex/scizor
Shuckle,https://pokemondb.net/pokedex/shuckle
Heracross,https://pokemondb.net/pokedex/heracross
Sneasel,https://pokemondb.net/pokedex/sneasel
Teddiursa,https://pokemondb.net/pokedex/teddiursa
Ursaring,https://pokemondb.net/pokedex/ursaring
Slugma,https://pokemondb.net/pokedex/slugma
Magcargo,https://pokemondb.net/pokedex/magcargo
Swinub,https://pokemondb.net/pokedex/swinub
Piloswine,https://pokemondb.net/pokedex/piloswine
Corsola,https://pokemondb.net/pokedex/corsola
Remoraid,https://pokemondb.net/pokedex/remoraid
Octillery,https://pokemondb.net/pokedex/octillery
Delibird,https://pokemondb.net/pokedex/delibird
Mantine,https://pokemondb.net/pokedex/mantine
Skarmory,https://pokemondb.net/pokedex/skarmory
Houndour,https://pokemondb.net/pokedex/houndour
Houndoom,https://pokemondb.net/pokedex/houndoom
Kingdra,https://pokemondb.net/pokedex/kingdra
Phanpy,https://pokemondb.net/pokedex/phanpy
Donphan,https://pokemondb.net/pokedex/donphan
Porygon2,https://pokemondb.net/pokedex/porygon2
Stantler,https://pokemondb.net/pokedex/stantler
Smeargle,https://pokemondb.net/pokedex/smeargle
Tyrogue,https://pokemondb.net/pokedex/tyrogue
Hitmontop,https://pokemondb.net/pokedex/hitmontop
Smoochum,https://pokemondb.net/pokedex/smoochum
Elekid,https://pokemondb.net/pokedex/elekid
Magby,https://pokemondb.net/pokedex/magby
Miltank,https://pokemondb.net/pokedex/miltank
Blissey,https://pokemondb.net/pokedex/blissey
Raikou,https://pokemondb.net/pokedex/raikou
Entei,https://pokemondb.net/pokedex/entei
Suicune,https://pokemondb.net/pokedex/suicune
Larvitar,https://pokemondb.net/pokedex/larvitar
Pupitar,https://pokemondb.net/pokedex/pupitar
Tyranitar,https://pokemondb.net/pokedex/tyranitar
Lugia,https://pokemondb.net/pokedex/lugia
Ho-oh,https://pokemondb.net/pokedex/ho-oh
Celebi,https://pokemondb.net/pokedex/celebi
Treecko,https://pokemondb.net/pokedex/treecko
Grovyle,https://pokemondb.net/pokedex/grovyle
Sceptile,https://pokemondb.net/pokedex/sceptile
Torchic,https://pokemondb.net/pokedex/torchic
Combusken,https://pokemondb.net/pokedex/combusken
Blaziken,https://pokemondb.net/pokedex/blaziken
Mudkip,https://pokemondb.net/pokedex/mudkip
Marshtomp,https://pokemondb.net/pokedex/marshtomp
Swampert,https://pokemondb.net/pokedex/swampert
Poochyena,https://pokemondb.net/pokedex/poochyena
Mightyena,https://pokemondb.net/pokedex/mightyena
Zigzagoon,https://pokemondb.net/pokedex/zigzagoon
Linoone,https://pokemondb.net/pokedex/linoone
Wurmple,https://pokemondb.net/pokedex/wurmple
Silcoon,https://pokemondb.net/pokedex/silcoon
Beautifly,https://pokemondb.net/pokedex/beautifly
Cascoon,https://pokemondb.net/pokedex/cascoon
Dustox,https://pokemondb.net/pokedex/dustox
Lotad,https://pokemondb.net/pokedex/lotad
Lombre,https://pokemondb.net/pokedex/lombre
Ludicolo,https://pokemondb.net/pokedex/ludicolo
Seedot,https://pokemondb.net/pokedex/seedot
Nuzleaf,https://pokemondb.net/pokedex/nuzleaf
Shiftry,https://pokemondb.net/pokedex/shiftry
Taillow,https://pokemondb.net/pokedex/taillow
Swellow,https://pokemondb.net/pokedex/swellow
Wingull,https://pokemondb.net/pokedex/wingull
Pelipper,https://pokemondb.net/pokedex/pelipper
Ralts,https://pokemondb.net/pokedex/ralts
Kirlia,https://pokemondb.net/pokedex/kirlia
Gardevoir,https://pokemondb.net/pokedex/gardevoir
Surskit,https://pokemondb.net/pokedex/surskit
Masquerain,https://pokemondb.net/pokedex/masquerain
Shroomish,https://pokemondb.net/pokedex/shroomish
Breloom,https://pokemondb.net/pokedex/breloom
Slakoth,https://pokemondb.net/pokedex/slakoth
Vigoroth,https://pokemondb.net/pokedex/vigoroth
Slaking,https://pokemondb.net/pokedex/slaking
Nincada,https://pokemondb.net/pokedex/nincada
Ninjask,https://pokemondb.net/pokedex/ninjask
Shedinja,https://pokemondb.net/pokedex/shedinja
Whismur,https://pokemondb.net/pokedex/whismur
Loudred,https://pokemondb.net/pokedex/loudred
Exploud,https://pokemondb.net/pokedex/exploud
Makuhita,https://pokemondb.net/pokedex/makuhita
Hariyama,https://pokemondb.net/pokedex/hariyama
Azurill,https://pokemondb.net/pokedex/azurill
Nosepass,https://pokemondb.net/pokedex/nosepass
Skitty,https://pokemondb.net/pokedex/skitty
Delcatty,https://pokemondb.net/pokedex/delcatty
Sableye,https://pokemondb.net/pokedex/sableye
Mawile,https://pokemondb.net/pokedex/mawile
Aron,https://pokemondb.net/pokedex/aron
Lairon,https://pokemondb.net/pokedex/lairon
Aggron,https://pokemondb.net/pokedex/aggron
Meditite,https://pokemondb.net/pokedex/meditite
Medicham,https://pokemondb.net/pokedex/medicham
Electrike,https://pokemondb.net/pokedex/electrike
Manectric,https://pokemondb.net/pokedex/manectric
Plusle,https://pokemondb.net/pokedex/plusle
Minun,https://pokemondb.net/pokedex/minun
Volbeat,https://pokemondb.net/pokedex/volbeat
Illumise,https://pokemondb.net/pokedex/illumise
Roselia,https://pokemondb.net/pokedex/roselia
Gulpin,https://pokemondb.net/pokedex/gulpin
Swalot,https://pokemondb.net/pokedex/swalot
Carvanha,https://pokemondb.net/pokedex/carvanha
Sharpedo,https://pokemondb.net/pokedex/sharpedo
Wailmer,https://pokemondb.net/pokedex/wailmer
Wailord,https://pokemondb.net/pokedex/wailord
Numel,https://pokemondb.net/pokedex/numel
Camerupt,https://pokemondb.net/pokedex/camerupt
Torkoal,https://pokemondb.net/pokedex/torkoal
Spoink,https://pokemondb.net/pokedex/spoink
Grumpig,https://pokemondb.net/pokedex/grumpig
Spinda,https://pokemondb.net/pokedex/spinda
Trapinch,https://pokemondb.net/pokedex/trapinch
Vibrava,https://pokemondb.net/pokedex/vibrava
Flygon,https://pokemondb.net/pokedex/flygon
Cacnea,https://pokemondb.net/pokedex/cacnea
Cacturne,https://pokemondb.net/pokedex/cacturne
Swablu,https://pokemondb.net/pokedex/swablu
Altaria,https://pokemondb.net/pokedex/altaria
Zangoose,https://pokemondb.net/pokedex/zangoose
Seviper,https://pokemondb.net/pokedex/seviper
Lunatone,https://pokemondb.net/pokedex/lunatone
Solrock,https://pokemondb.net/pokedex/solrock
Barboach,https://pokemondb.net/pokedex/barboach
Whiscash,https://pokemondb.net/pokedex/whiscash
Corphish,https://pokemondb.net/pokedex/corphish
Crawdaunt,https://pokemondb.net/pokedex/crawdaunt
Baltoy,https://pokemondb.net/pokedex/baltoy
Claydol,https://pokemondb.net/pokedex/claydol
Lileep,https://pokemondb.net/pokedex/lileep
Cradily,https://pokemondb.net/pokedex/cradily
Anorith,https://pokemondb.net/pokedex/anorith
Armaldo,https://pokemondb.net/pokedex/armaldo
Feebas,https://pokemondb.net/pokedex/feebas
Milotic,https://pokemondb.net/pokedex/milotic
Castform,https://pokemondb.net/pokedex/castform
Kecleon,https://pokemondb.net/pokedex/kecleon
Shuppet,https://pokemondb.net/pokedex/shuppet
Banette,https://pokemondb.net/pokedex/banette
Duskull,https://pokemondb.net/pokedex/duskull
Dusclops,https://pokemondb.net/pokedex/dusclops
Tropius,https://pokemondb.net/pokedex/tropius
Chimecho,https://pokemondb.net/pokedex/chimecho
Absol,https://pokemondb.net/pokedex/absol
Wynaut,https://pokemondb.net/pokedex/wynaut
Snorunt,https://pokemondb.net/pokedex/snorunt
Glalie,https://pokemondb.net/pokedex/glalie
Spheal,https://pokemondb.net/pokedex/spheal
Sealeo,https://pokemondb.net/pokedex/sealeo
Walrein,https://pokemondb.net/pokedex/walrein
Clamperl,https://pokemondb.net/pokedex/clamperl
Huntail,https://pokemondb.net/pokedex/huntail
Gorebyss,https://pokemondb.net/pokedex/gorebyss
Relicanth,https://pokemondb.net/pokedex/relicanth
Luvdisc,https://pokemondb.net/pokedex/luvdisc
Bagon,https://pokemondb.net/pokedex/bagon
Shelgon,https://pokemondb.net/pokedex/shelgon
Salamence,https://pokemondb.net/pokedex/salamence
Beldum,https://pokemondb.net/pokedex/beldum
Metang,https://pokemondb.net/pokedex/metang
Metagross,https://pokemondb.net/pokedex/metagross
Regirock,https://pokemondb.net/pokedex/regirock
Regice,https://pokemondb.net/pokedex/regice
Registeel,https://pokemondb.net/pokedex/registeel
Latias,https://pokemondb.net/pokedex/latias
Latios,https://pokemondb.net/pokedex/latios
Kyogre,https://pokemondb.net/pokedex/kyogre
Groudon,https://pokemondb.net/pokedex/groudon
Rayquaza,https://pokemondb.net/pokedex/rayquaza
Jirachi,https://pokemondb.net/pokedex/jirachi
Deoxys,https://pokemondb.net/pokedex/deoxys
Turtwig,https://pokemondb.net/pokedex/turtwig
Grotle,https://pokemondb.net/pokedex/grotle
Torterra,https://pokemondb.net/pokedex/torterra
Chimchar,https://pokemondb.net/pokedex/chimchar
Monferno,https://pokemondb.net/pokedex/monferno
Infernape,https://pokemondb.net/pokedex/infernape
Piplup,https://pokemondb.net/pokedex/piplup
Prinplup,https://pokemondb.net/pokedex/prinplup
Empoleon,https://pokemondb.net/pokedex/empoleon
Starly,https://pokemondb.net/pokedex/starly
Staravia,https://pokemondb.net/pokedex/staravia
Staraptor,https://pokemondb.net/pokedex/staraptor
Bidoof,https://pokemondb.net/pokedex/bidoof
Bibarel,https://pokemondb.net/pokedex/bibarel
Kricketot,https://pokemondb.net/pokedex/kricketot
Kricketune,https://pokemondb.net/pokedex/kricketune
Shinx,https://pokemondb.net/pokedex/shinx
Luxio,https://pokemondb.net/pokedex/luxio
Luxray,https://pokemondb.net/pokedex/luxray
Budew,https://pokemondb.net/pokedex/budew
Roserade,https://pokemondb.net/pokedex/roserade
Cranidos,https://pokemondb.net/pokedex/cranidos
Rampardos,https://pokemondb.net/pokedex/rampardos
Shieldon,https://pokemondb.net/pokedex/shieldon
Bastiodon,https://pokemondb.net/pokedex/bastiodon
Burmy,https://pokemondb.net/pokedex/burmy
Wormadam,https://pokemondb.net/pokedex/wormadam
Mothim,https://pokemondb.net/pokedex/mothim
Combee,https://pokemondb.net/pokedex/combee
Vespiquen,https://pokemondb.net/pokedex/vespiquen
Pachirisu,https://pokemondb.net/pokedex/pachirisu
Buizel,https://pokemondb.net/pokedex/buizel
Floatzel,https://pokemondb.net/pokedex/floatzel
Cherubi,https://pokemondb.net/pokedex/cherubi
Cherrim,https://pokemondb.net/pokedex/cherrim
Shellos,https://pokemondb.net/pokedex/shellos
Gastrodon,https://pokemondb.net/pokedex/gastrodon
Ambipom,https://pokemondb.net/pokedex/ambipom
Drifloon,https://pokemondb.net/pokedex/drifloon
Drifblim,https://pokemondb.net/pokedex/drifblim
Buneary,https://pokemondb.net/pokedex/buneary
Lopunny,https://pokemondb.net/pokedex/lopunny
Mismagius,https://pokemondb.net/pokedex/mismagius
Honchkrow,https://pokemondb.net/pokedex/honchkrow
Glameow,https://pokemondb.net/pokedex/glameow
Purugly,https://pokemondb.net/pokedex/purugly
Chingling,https://pokemondb.net/pokedex/chingling
Stunky,https://pokemondb.net/pokedex/stunky
Skuntank,https://pokemondb.net/pokedex/skuntank
Bronzor,https://pokemondb.net/pokedex/bronzor
Bronzong,https://pokemondb.net/pokedex/bronzong
Bonsly,https://pokemondb.net/pokedex/bonsly
Mime Jr.,https://pokemondb.net/pokedex/mime-jr.
Happiny,https://pokemondb.net/pokedex/happiny
Chatot,https://pokemondb.net/pokedex/chatot
Spiritomb,https://pokemondb.net/pokedex/spiritomb
Gible,https://pokemondb.net/pokedex/gible
Gabite,https://pokemondb.net/pokedex/gabite
Garchomp,https://pokemondb.net/pokedex/garchomp
Munchlax,https://pokemondb.net/pokedex/munchlax
Riolu,https://pokemondb.net/pokedex/riolu
Lucario,https://pokemondb.net/pokedex/lucario
Hippopotas,https://pokemondb.net/pokedex/hippopotas
Hippowdon,https://pokemondb.net/pokedex/hippowdon
Skorupi,https://pokemondb.net/pokedex/skorupi
Drapion,https://pokemondb.net/pokedex/drapion
Croagunk,https://pokemondb.net/pokedex/croagunk
Toxicroak,https://pokemondb.net/pokedex/toxicroak
Carnivine,https://pokemondb.net/pokedex/carnivine
Finneon,https://pokemondb.net/pokedex/finneon
Lumineon,https://pokemondb.net/pokedex/lumineon
Mantyke,https://pokemondb.net/pokedex/mantyke
Snover,https://pokemondb.net/pokedex/snover
Abomasnow,https://pokemondb.net/pokedex/abomasnow
Weavile,https://pokemondb.net/pokedex/weavile
Magnezone,https://pokemondb.net/pokedex/magnezone
Lickilicky,https://pokemondb.net/pokedex/lickilicky
Rhyperior,https://pokemondb.net/pokedex/rhyperior
Tangrowth,https://pokemondb.net/pokedex/tangrowth
Electivire,https://pokemondb.net/pokedex/electivire
Magmortar,https://pokemondb.net/pokedex/magmortar
Togekiss,https://pokemondb.net/pokedex/togekiss
Yanmega,https://pokemondb.net/pokedex/yanmega
Leafeon,https://pokemondb.net/pokedex/leafeon
Glaceon,https://pokemondb.net/pokedex/glaceon
Gliscor,https://pokemondb.net/pokedex/gliscor
Mamoswine,https://pokemondb.net/pokedex/mamoswine
Porygon-Z,https://pokemondb.net/pokedex/porygon-z
Gallade,https://pokemondb.net/pokedex/gallade
Probopass,https://pokemondb.net/pokedex/probopass
Dusknoir,https://pokemondb.net/pokedex/dusknoir
Froslass,https://pokemondb.net/pokedex/froslass
Rotom,https://pokemondb.net/pokedex/rotom
Uxie,https://pokemondb.net/pokedex/uxie
Mesprit,https://pokemondb.net/pokedex/mesprit
Azelf,https://pokemondb.net/pokedex/azelf
Dialga,https://pokemondb.net/pokedex/dialga
Palkia,https://pokemondb.net/pokedex/palkia
Heatran,https://pokemondb.net/pokedex/heatran
Regigigas,https://pokemondb.net/pokedex/regigigas
Giratina,https://pokemondb.net/pokedex/giratina
Cresselia,https://pokemondb.net/pokedex/cresselia
Phione,https://pokemondb.net/pokedex/phione
Manaphy,https://pokemondb.net/pokedex/manaphy
Darkrai,https://pokemondb.net/pokedex/darkrai
Shaymin,https://pokemondb.net/pokedex/shaymin
Arceus,https://pokemondb.net/pokedex/arceus
Victini,https://pokemondb.net/pokedex/victini
Snivy,https://pokemondb.net/pokedex/snivy
Servine,https://pokemondb.net/pokedex/servine
Serperior,https://pokemondb.net/pokedex/serperior
Tepig,https://pokemondb.net/pokedex/tepig
Pignite,https://pokemondb.net/pokedex/pignite
Emboar,https://pokemondb.net/pokedex/emboar
Oshawott,https://pokemondb.net/pokedex/oshawott
Dewott,https://pokemondb.net/pokedex/dewott
Samurott,https://pokemondb.net/pokedex/samurott
Patrat,https://pokemondb.net/pokedex/patrat
Watchog,https://pokemondb.net/pokedex/watchog
Lillipup,https://pokemondb.net/pokedex/lillipup
Herdier,https://pokemondb.net/pokedex/herdier
Stoutland,https://pokemondb.net/pokedex/stoutland
Purrloin,https://pokemondb.net/pokedex/purrloin
Liepard,https://pokemondb.net/pokedex/liepard
Pansage,https://pokemondb.net/pokedex/pansage
Simisage,https://pokemondb.net/pokedex/simisage
Pansear,https://pokemondb.net/pokedex/pansear
Simisear,https://pokemondb.net/pokedex/simisear
Panpour,https://pokemondb.net/pokedex/panpour
Simipour,https://pokemondb.net/pokedex/simipour
Munna,https://pokemondb.net/pokedex/munna
Musharna,https://pokemondb.net/pokedex/musharna
Pidove,https://pokemondb.net/pokedex/pidove
Tranquill,https://pokemondb.net/pokedex/tranquill
Unfezant,https://pokemondb.net/pokedex/unfezant
Blitzle,https://pokemondb.net/pokedex/blitzle
Zebstrika,https://pokemondb.net/pokedex/zebstrika
Roggenrola,https://pokemondb.net/pokedex/roggenrola
Boldore,https://pokemondb.net/pokedex/boldore
Gigalith,https://pokemondb.net/pokedex/gigalith
Woobat,https://pokemondb.net/pokedex/woobat
Swoobat,https://pokemondb.net/pokedex/swoobat
Drilbur,https://pokemondb.net/pokedex/drilbur
Excadrill,https://pokemondb.net/pokedex/excadrill
Audino,https://pokemondb.net/pokedex/audino
Timburr,https://pokemondb.net/pokedex/timburr
Gurdurr,https://pokemondb.net/pokedex/gurdurr
Conkeldurr,https://pokemondb.net/pokedex/conkeldurr
Tympole,https://pokemondb.net/pokedex/tympole
Palpitoad,https://pokemondb.net/pokedex/palpitoad
Seismitoad,https://pokemondb.net/pokedex/seismitoad
Throh,https://pokemondb.net/pokedex/throh
Sawk,https://pokemondb.net/pokedex/sawk
Sewaddle,https://pokemondb.net/pokedex/sewaddle
Swadloon,https://pokemondb.net/pokedex/swadloon
Leavanny,https://pokemondb.net/pokedex/leavanny
Venipede,https://pokemondb.net/pokedex/venipede
Whirlipede,https://pokemondb.net/pokedex/whirlipede
Scolipede,https://pokemondb.net/pokedex/scolipede
Cottonee,https://pokemondb.net/pokedex/cottonee
Whimsicott,https://pokemondb.net/pokedex/whimsicott
Petilil,https://pokemondb.net/pokedex/petilil
Lilligant,https://pokemondb.net/pokedex/lilligant
Basculin,https://pokemondb.net/pokedex/basculin
Sandile,https://pokemondb.net/pokedex/sandile
Krokorok,https://pokemondb.net/pokedex/krokorok
Krookodile,https://pokemondb.net/pokedex/krookodile
Darumaka,https://pokemondb.net/pokedex/darumaka
Darmanitan,https://pokemondb.net/pokedex/darmanitan
Maractus,https://pokemondb.net/pokedex/maractus
Dwebble,https://pokemondb.net/pokedex/dwebble
Crustle,https://pokemondb.net/pokedex/crustle
Scraggy,https://pokemondb.net/pokedex/scraggy
Scrafty,https://pokemondb.net/pokedex/scrafty
Sigilyph,https://pokemondb.net/pokedex/sigilyph
Yamask,https://pokemondb.net/pokedex/yamask
Cofagrigus,https://pokemondb.net/pokedex/cofagrigus
Tirtouga,https://pokemondb.net/pokedex/tirtouga
Carracosta,https://pokemondb.net/pokedex/carracosta
Archen,https://pokemondb.net/pokedex/archen
Archeops,https://pokemondb.net/pokedex/archeops
Trubbish,https://pokemondb.net/pokedex/trubbish
Garbodor,https://pokemondb.net/pokedex/garbodor
Zorua,https://pokemondb.net/pokedex/zorua
Zoroark,https://pokemondb.net/pokedex/zoroark
Minccino,https://pokemondb.net/pokedex/minccino
Cinccino,https://pokemondb.net/pokedex/cinccino
Gothita,https://pokemondb.net/pokedex/gothita
Gothorita,https://pokemondb.net/pokedex/gothorita
Gothitelle,https://pokemondb.net/pokedex/gothitelle
Solosis,https://pokemondb.net/pokedex/solosis
Duosion,https://pokemondb.net/pokedex/duosion
Reuniclus,https://pokemondb.net/pokedex/reuniclus
Ducklett,https://pokemondb.net/pokedex/ducklett
Swanna,https://pokemondb.net/pokedex/swanna
Vanillite,https://pokemondb.net/pokedex/vanillite
Vanillish,https://pokemondb.net/pokedex/vanillish
Vanilluxe,https://pokemondb.net/pokedex/vanilluxe
Deerling,https://pokemondb.net/pokedex/deerling
Sawsbuck,https://pokemondb.net/pokedex/sawsbuck
Emolga,https://pokemondb.net/pokedex/emolga
Karrablast,https://pokemondb.net/pokedex/karrablast
Escavalier,https://pokemondb.net/pokedex/escavalier
Foongus,https://pokemondb.net/pokedex/foongus
Amoonguss,https://pokemondb.net/pokedex/amoonguss
Frillish,https://pokemondb.net/pokedex/frillish
Jellicent,https://pokemondb.net/pokedex/jellicent
Alomomola,https://pokemondb.net/pokedex/alomomola
Joltik,https://pokemondb.net/pokedex/joltik
Galvantula,https://pokemondb.net/pokedex/galvantula
Ferroseed,https://pokemondb.net/pokedex/ferroseed
Ferrothorn,https://pokemondb.net/pokedex/ferrothorn
Klink,https://pokemondb.net/pokedex/klink
Klang,https://pokemondb.net/pokedex/klang
Klinklang,https://pokemondb.net/pokedex/klinklang
Tynamo,https://pokemondb.net/pokedex/tynamo
Eelektrik,https://pokemondb.net/pokedex/eelektrik
Eelektross,https://pokemondb.net/pokedex/eelektross
Elgyem,https://pokemondb.net/pokedex/elgyem
Beheeyem,https://pokemondb.net/pokedex/beheeyem
Litwick,https://pokemondb.net/pokedex/litwick
Lampent,https://pokemondb.net/pokedex/lampent
Chandelure,https://pokemondb.net/pokedex/chandelure
Axew,https://pokemondb.net/pokedex/axew
Fraxure,https://pokemondb.net/pokedex/fraxure
Haxorus,https://pokemondb.net/pokedex/haxorus
Cubchoo,https://pokemondb.net/pokedex/cubchoo
Beartic,https://pokemondb.net/pokedex/beartic
Cryogonal,https://pokemondb.net/pokedex/cryogonal
Shelmet,https://pokemondb.net/pokedex/shelmet
Accelgor,https://pokemondb.net/pokedex/accelgor
Stunfisk,https://pokemondb.net/pokedex/stunfisk
Mienfoo,https://pokemondb.net/pokedex/mienfoo
Mienshao,https://pokemondb.net/pokedex/mienshao
Druddigon,https://pokemondb.net/pokedex/druddigon
Golett,https://pokemondb.net/pokedex/golett
Golurk,https://pokemondb.net/pokedex/golurk
Pawniard,https://pokemondb.net/pokedex/pawniard
Bisharp,https://pokemondb.net/pokedex/bisharp
Bouffalant,https://pokemondb.net/pokedex/bouffalant
Rufflet,https://pokemondb.net/pokedex/rufflet
Braviary,https://pokemondb.net/pokedex/braviary
Vullaby,https://pokemondb.net/pokedex/vullaby
Mandibuzz,https://pokemondb.net/pokedex/mandibuzz
Heatmor,https://pokemondb.net/pokedex/heatmor
Durant,https://pokemondb.net/pokedex/durant
Deino,https://pokemondb.net/pokedex/deino
Zweilous,https://pokemondb.net/pokedex/zweilous
Hydreigon,https://pokemondb.net/pokedex/hydreigon
Larvesta,https://pokemondb.net/pokedex/larvesta
Volcarona,https://pokemondb.net/pokedex/volcarona
Cobalion,https://pokemondb.net/pokedex/cobalion
Terrakion,https://pokemondb.net/pokedex/terrakion
Virizion,https://pokemondb.net/pokedex/virizion
Tornadus,https://pokemondb.net/pokedex/tornadus
Thundurus,https://pokemondb.net/pokedex/thundurus
Reshiram,https://pokemondb.net/pokedex/reshiram
Zekrom,https://pokemondb.net/pokedex/zekrom
Landorus,https://pokemondb.net/pokedex/landorus
Kyurem,https://pokemondb.net/pokedex/kyurem
Keldeo,https://pokemondb.net/pokedex/keldeo
Meloetta,https://pokemondb.net/pokedex/meloetta
Genesect,https://pokemondb.net/pokedex/genesect
Chespin,https://pokemondb.net/pokedex/chespin
Quilladin,https://pokemondb.net/pokedex/quilladin
Chesnaught,https://pokemondb.net/pokedex/chesnaught
Fennekin,https://pokemondb.net/pokedex/fennekin
Braixen,https://pokemondb.net/pokedex/braixen
Delphox,https://pokemondb.net/pokedex/delphox
Froakie,https://pokemondb.net/pokedex/froakie
Frogadier,https://pokemondb.net/pokedex/frogadier
Greninja,https://pokemondb.net/pokedex/greninja
Bunnelby,https://pokemondb.net/pokedex/bunnelby
Diggersby,https://pokemondb.net/pokedex/diggersby
Fletchling,https://pokemondb.net/pokedex/fletchling
Fletchinder,https://pokemondb.net/pokedex/fletchinder
Talonflame,https://pokemondb.net/pokedex/talonflame
Scatterbug,https://pokemondb.net/pokedex/scatterbug
Spewpa,https://pokemondb.net/pokedex/spewpa
Vivillon,https://pokemondb.net/pokedex/vivillon
Litleo,https://pokemondb.net/pokedex/litleo
Pyroar,https://pokemondb.net/pokedex/pyroar
Flabébé,https://pokemondb.net/pokedex/flabébé
Floette,https://pokemondb.net/pokedex/floette
Florges,https://pokemondb.net/pokedex/florges
Skiddo,https://pokemondb.net/pokedex/skiddo
Gogoat,https://pokemondb.net/pokedex/gogoat
Pancham,https://pokemondb.net/pokedex/pancham
Pangoro,https://pokemondb.net/pokedex/pangoro
Furfrou,https://pokemondb.net/pokedex/furfrou
Espurr,https://pokemondb.net/pokedex/espurr
Meowstic,https://pokemondb.net/pokedex/meowstic
Honedge,https://pokemondb.net/pokedex/honedge
Doublade,https://pokemondb.net/pokedex/doublade
Aegislash,https://pokemondb.net/pokedex/aegislash
Spritzee,https://pokemondb.net/pokedex/spritzee
Aromatisse,https://pokemondb.net/pokedex/aromatisse
Swirlix,https://pokemondb.net/pokedex/swirlix
Slurpuff,https://pokemondb.net/pokedex/slurpuff
Inkay,https://pokemondb.net/pokedex/inkay
Malamar,https://pokemondb.net/pokedex/malamar
Binacle,https://pokemondb.net/pokedex/binacle
Barbaracle,https://pokemondb.net/pokedex/barbaracle
Skrelp,https://pokemondb.net/pokedex/skrelp
Dragalge,https://pokemondb.net/pokedex/dragalge
Clauncher,https://pokemondb.net/pokedex/clauncher
Clawitzer,https://pokemondb.net/pokedex/clawitzer
Helioptile,https://pokemondb.net/pokedex/helioptile
Heliolisk,https://pokemondb.net/pokedex/heliolisk
Tyrunt,https://pokemondb.net/pokedex/tyrunt
Tyrantrum,https://pokemondb.net/pokedex/tyrantrum
Amaura,https://pokemondb.net/pokedex/amaura
Aurorus,https://pokemondb.net/pokedex/aurorus
Sylveon,https://pokemondb.net/pokedex/sylveon
Hawlucha,https://pokemondb.net/pokedex/hawlucha
Dedenne,https://pokemondb.net/pokedex/dedenne
Carbink,https://pokemondb.net/pokedex/carbink
Goomy,https://pokemondb.net/pokedex/goomy
Sliggoo,https://pokemondb.net/pokedex/sliggoo
Goodra,https://pokemondb.net/pokedex/goodra
Klefki,https://pokemondb.net/pokedex/klefki
Phantump,https://pokemondb.net/pokedex/phantump
Trevenant,https://pokemondb.net/pokedex/trevenant
Pumpkaboo,https://pokemondb.net/pokedex/pumpkaboo
Gourgeist,https://pokemondb.net/pokedex/gourgeist
Bergmite,https://pokemondb.net/pokedex/bergmite
Avalugg,https://pokemondb.net/pokedex/avalugg
Noibat,https://pokemondb.net/pokedex/noibat
Noivern,https://pokemondb.net/pokedex/noivern
Xerneas,https://pokemondb.net/pokedex/xerneas
Yveltal,https://pokemondb.net/pokedex/yveltal
Zygarde,https://pokemondb.net/pokedex/zygarde
Diancie,https://pokemondb.net/pokedex/diancie
Hoopa,https://pokemondb.net/pokedex/hoopa
Volcanion,https://pokemondb.net/pokedex/volcanion
Rowlet,https://pokemondb.net/pokedex/rowlet
Dartrix,https://pokemondb.net/pokedex/dartrix
Decidueye,https://pokemondb.net/pokedex/decidueye
Litten,https://pokemondb.net/pokedex/litten
Torracat,https://pokemondb.net/pokedex/torracat
Incineroar,https://pokemondb.net/pokedex/incineroar
Popplio,https://pokemondb.net/pokedex/popplio
Brionne,https://pokemondb.net/pokedex/brionne
Primarina,https://pokemondb.net/pokedex/primarina
Pikipek,https://pokemondb.net/pokedex/pikipek
Trumbeak,https://pokemondb.net/pokedex/trumbeak
Toucannon,https://pokemondb.net/pokedex/toucannon
Yungoos,https://pokemondb.net/pokedex/yungoos
Gumshoos,https://pokemondb.net/pokedex/gumshoos
Grubbin,https://pokemondb.net/pokedex/grubbin
Charjabug,https://pokemondb.net/pokedex/charjabug
Vikavolt,https://pokemondb.net/pokedex/vikavolt
Crabrawler,https://pokemondb.net/pokedex/crabrawler
Crabominable,https://pokemondb.net/pokedex/crabominable
Oricorio,https://pokemondb.net/pokedex/oricorio
Cutiefly,https://pokemondb.net/pokedex/cutiefly
Ribombee,https://pokemondb.net/pokedex/ribombee
Rockruff,https://pokemondb.net/pokedex/rockruff
Lycanroc,https://pokemondb.net/pokedex/lycanroc
Wishiwashi,https://pokemondb.net/pokedex/wishiwashi
Mareanie,https://pokemondb.net/pokedex/mareanie
Toxapex,https://pokemondb.net/pokedex/toxapex
Mudbray,https://pokemondb.net/pokedex/mudbray
Mudsdale,https://pokemondb.net/pokedex/mudsdale
Dewpider,https://pokemondb.net/pokedex/dewpider
Araquanid,https://pokemondb.net/pokedex/araquanid
Fomantis,https://pokemondb.net/pokedex/fomantis
Lurantis,https://pokemondb.net/pokedex/lurantis
Morelull,https://pokemondb.net/pokedex/morelull
Shiinotic,https://pokemondb.net/pokedex/shiinotic
Salandit,https://pokemondb.net/pokedex/salandit
Salazzle,https://pokemondb.net/pokedex/salazzle
Stufful,https://pokemondb.net/pokedex/stufful
Bewear,https://pokemondb.net/pokedex/bewear
Bounsweet,https://pokemondb.net/pokedex/bounsweet
Steenee,https://pokemondb.net/pokedex/steenee
Tsareena,https://pokemondb.net/pokedex/tsareena
Comfey,https://pokemondb.net/pokedex/comfey
Oranguru,https://pokemondb.net/pokedex/oranguru
Passimian,https://pokemondb.net/pokedex/passimian
Wimpod,https://pokemondb.net/pokedex/wimpod
Golisopod,https://pokemondb.net/pokedex/golisopod
Sandygast,https://pokemondb.net/pokedex/sandygast
Palossand,https://pokemondb.net/pokedex/palossand
Pyukumuku,https://pokemondb.net/pokedex/pyukumuku
Type: Null,https://pokemondb.net/pokedex/type:-null
Silvally,https://pokemondb.net/pokedex/silvally
Minior,https://pokemondb.net/pokedex/minior
Komala,https://pokemondb.net/pokedex/komala
Turtonator,https://pokemondb.net/pokedex/turtonator
Togedemaru,https://pokemondb.net/pokedex/togedemaru
Mimikyu,https://pokemondb.net/pokedex/mimikyu
Bruxish,https://pokemondb.net/pokedex/bruxish
Drampa,https://pokemondb.net/pokedex/drampa
Dhelmise,https://pokemondb.net/pokedex/dhelmise
Jangmo-o,https://pokemondb.net/pokedex/jangmo-o
Hakamo-o,https://pokemondb.net/pokedex/hakamo-o
Kommo-o,https://pokemondb.net/pokedex/kommo-o
Tapu Koko,https://pokemondb.net/pokedex/tapu-koko
Tapu Lele,https://pokemondb.net/pokedex/tapu-lele
Tapu Bulu,https://pokemondb.net/pokedex/tapu-bulu
Tapu Fini,https://pokemondb.net/pokedex/tapu-fini
Cosmog,https://pokemondb.net/pokedex/cosmog
Cosmoem,https://pokemondb.net/pokedex/cosmoem
Solgaleo,https://pokemondb.net/pokedex/solgaleo
Lunala,https://pokemondb.net/pokedex/lunala
Nihilego,https://pokemondb.net/pokedex/nihilego
Buzzwole,https://pokemondb.net/pokedex/buzzwole
Pheromosa,https://pokemondb.net/pokedex/pheromosa
Xurkitree,https://pokemondb.net/pokedex/xurkitree
Celesteela,https://pokemondb.net/pokedex/celesteela
Kartana,https://pokemondb.net/pokedex/kartana
Guzzlord,https://pokemondb.net/pokedex/guzzlord
Necrozma,https://pokemondb.net/pokedex/necrozma
Magearna,https://pokemondb.net/pokedex/magearna
Marshadow,https://pokemondb.net/pokedex/marshadow
Poipole,https://pokemondb.net/pokedex/poipole
Naganadel,https://pokemondb.net/pokedex/naganadel
Stakataka,https://pokemondb.net/pokedex/stakataka
Blacephalon,https://pokemondb.net/pokedex/blacephalon
Zeraora,https://pokemondb.net/pokedex/zeraora
Meltan,https://pokemondb.net/pokedex/meltan
Melmetal,https://pokemondb.net/pokedex/melmetal
Grookey,https://pokemondb.net/pokedex/grookey
Thwackey,https://pokemondb.net/pokedex/thwackey
Rillaboom,https://pokemondb.net/pokedex/rillaboom
Scorbunny,https://pokemondb.net/pokedex/scorbunny
Raboot,https://pokemondb.net/pokedex/raboot
Cinderace,https://pokemondb.net/pokedex/cinderace
Sobble,https://pokemondb.net/pokedex/sobble
Drizzile,https://pokemondb.net/pokedex/drizzile
Inteleon,https://pokemondb.net/pokedex/inteleon
Skwovet,https://pokemondb.net/pokedex/skwovet
Greedent,https://pokemondb.net/pokedex/greedent
Rookidee,https://pokemondb.net/pokedex/rookidee
Corvisquire,https://pokemondb.net/pokedex/corvisquire
Corviknight,https://pokemondb.net/pokedex/corviknight
Blipbug,https://pokemondb.net/pokedex/blipbug
Dottler,https://pokemondb.net/pokedex/dottler
Orbeetle,https://pokemondb.net/pokedex/orbeetle
Nickit,https://pokemondb.net/pokedex/nickit
Thievul,https://pokemondb.net/pokedex/thievul
Gossifleur,https://pokemondb.net/pokedex/gossifleur
Eldegoss,https://pokemondb.net/pokedex/eldegoss
Wooloo,https://pokemondb.net/pokedex/wooloo
Dubwool,https://pokemondb.net/pokedex/dubwool
Chewtle,https://pokemondb.net/pokedex/chewtle
Drednaw,https://pokemondb.net/pokedex/drednaw
Yamper,https://pokemondb.net/pokedex/yamper
Boltund,https://pokemondb.net/pokedex/boltund
Rolycoly,https://pokemondb.net/pokedex/rolycoly
Carkol,https://pokemondb.net/pokedex/carkol
Coalossal,https://pokemondb.net/pokedex/coalossal
Applin,https://pokemondb.net/pokedex/applin
Flapple,https://pokemondb.net/pokedex/flapple
Appletun,https://pokemondb.net/pokedex/appletun
Silicobra,https://pokemondb.net/pokedex/silicobra
Sandaconda,https://pokemondb.net/pokedex/sandaconda
Cramorant,https://pokemondb.net/pokedex/cramorant
Arrokuda,https://pokemondb.net/pokedex/arrokuda
Barraskewda,https://pokemondb.net/pokedex/barraskewda
Toxel,https://pokemondb.net/pokedex/toxel
Toxtricity,https://pokemondb.net/pokedex/toxtricity
Sizzlipede,https://pokemondb.net/pokedex/sizzlipede
Centiskorch,https://pokemondb.net/pokedex/centiskorch
Clobbopus,https://pokemondb.net/pokedex/clobbopus
Grapploct,https://pokemondb.net/pokedex/grapploct
Sinistea,https://pokemondb.net/pokedex/sinistea
Polteageist,https://pokemondb.net/pokedex/polteageist
Hatenna,https://pokemondb.net/pokedex/hatenna
Hattrem,https://pokemondb.net/pokedex/hattrem
Hatterene,https://pokemondb.net/pokedex/hatterene
Impidimp,https://pokemondb.net/pokedex/impidimp
Morgrem,https://pokemondb.net/pokedex/morgrem
Grimmsnarl,https://pokemondb.net/pokedex/grimmsnarl
Obstagoon,https://pokemondb.net/pokedex/obstagoon
Perrserker,https://pokemondb.net/pokedex/perrserker
Cursola,https://pokemondb.net/pokedex/cursola
Sirfetch'd,https://pokemondb.net/pokedex/sirfetch'd
Mr. Rime,https://pokemondb.net/pokedex/mr.-rime
Runerigus,https://pokemondb.net/pokedex/runerigus
Milcery,https://pokemondb.net/pokedex/milcery
Alcremie,https://pokemondb.net/pokedex/alcremie
Falinks,https://pokemondb.net/pokedex/falinks
Pincurchin,https://pokemondb.net/pokedex/pincurchin
Snom,https://pokemondb.net/pokedex/snom
Frosmoth,https://pokemondb.net/pokedex/frosmoth
Stonjourner,https://pokemondb.net/pokedex/stonjourner
Eiscue,https://pokemondb.net/pokedex/eiscue
Indeedee,https://pokemondb.net/pokedex/indeedee
Morpeko,https://pokemondb.net/pokedex/morpeko
Cufant,https://pokemondb.net/pokedex/cufant
Copperajah,https://pokemondb.net/pokedex/copperajah
Dracozolt,https://pokemondb.net/pokedex/dracozolt
Arctozolt,https://pokemondb.net/pokedex/arctozolt
Dracovish,https://pokemondb.net/pokedex/dracovish
Arctovish,https://pokemondb.net/pokedex/arctovish
Duraludon,https://pokemondb.net/pokedex/duraludon
Dreepy,https://pokemondb.net/pokedex/dreepy
Drakloak,https://pokemondb.net/pokedex/drakloak
Dragapult,https://pokemondb.net/pokedex/dragapult
Zacian,https://pokemondb.net/pokedex/zacian
Zamazenta,https://pokemondb.net/pokedex/zamazenta
Eternatus,https://pokemondb.net/pokedex/eternatus
Kubfu,https://pokemondb.net/pokedex/kubfu
Urshifu,https://pokemondb.net/pokedex/urshifu
Zarude,https://pokemondb.net/pokedex/zarude
Regieleki,https://pokemondb.net/pokedex/regieleki
Regidrago,https://pokemondb.net/pokedex/regidrago
Glastrier,https://pokemondb.net/pokedex/glastrier
Spectrier,https://pokemondb.net/pokedex/spectrier
Calyrex,https://pokemondb.net/pokedex/calyrex
Wyrdeer,https://pokemondb.net/pokedex/wyrdeer
Kleavor,https://pokemondb.net/pokedex/kleavor
Ursaluna,https://pokemondb.net/pokedex/ursaluna
Basculegion,https://pokemondb.net/pokedex/basculegion
Sneasler,https://pokemondb.net/pokedex/sneasler
Overqwil,https://pokemondb.net/pokedex/overqwil
Enamorus,https://pokemondb.net/pokedex/enamorus
Sprigatito,https://pokemondb.net/pokedex/sprigatito
Floragato,https://pokemondb.net/pokedex/floragato
Meowscarada,https://pokemondb.net/pokedex/meowscarada
Fuecoco,https://pokemondb.net/pokedex/fuecoco
Crocalor,https://pokemondb.net/pokedex/crocalor
Skeledirge,https://pokemondb.net/pokedex/skeledirge
Quaxly,https://pokemondb.net/pokedex/quaxly
Quaxwell,https://pokemondb.net/pokedex/quaxwell
Quaquaval,https://pokemondb.net/pokedex/quaquaval
Lechonk,https://pokemondb.net/pokedex/lechonk
Oinkologne,https://pokemondb.net/pokedex/oinkologne
Tarountula,https://pokemondb.net/pokedex/tarountula
Spidops,https://pokemondb.net/pokedex/spidops
Nymble,https://pokemondb.net/pokedex/nymble
Lokix,https://pokemondb.net/pokedex/lokix
Pawmi,https://pokemondb.net/pokedex/pawmi
Pawmo,https://pokemondb.net/pokedex/pawmo
Pawmot,https://pokemondb.net/pokedex/pawmot
Tandemaus,https://pokemondb.net/pokedex/tandemaus
Maushold,https://pokemondb.net/pokedex/maushold
Fidough,https://pokemondb.net/pokedex/fidough
Dachsbun,https://pokemondb.net/pokedex/dachsbun
Smoliv,https://pokemondb.net/pokedex/smoliv
Dolliv,https://pokemondb.net/pokedex/dolliv
Arboliva,https://pokemondb.net/pokedex/arboliva
Squawkabilly,https://pokemondb.net/pokedex/squawkabilly
Nacli,https://pokemondb.net/pokedex/nacli
Naclstack,https://pokemondb.net/pokedex/naclstack
Garganacl,https://pokemondb.net/pokedex/garganacl
Charcadet,https://pokemondb.net/pokedex/charcadet
Armarouge,https://pokemondb.net/pokedex/armarouge
Ceruledge,https://pokemondb.net/pokedex/ceruledge
Tadbulb,https://pokemondb.net/pokedex/tadbulb
Bellibolt,https://pokemondb.net/pokedex/bellibolt
Wattrel,https://pokemondb.net/pokedex/wattrel
Kilowattrel,https://pokemondb.net/pokedex/kilowattrel
Maschiff,https://pokemondb.net/pokedex/maschiff
Mabosstiff,https://pokemondb.net/pokedex/mabosstiff
Shroodle,https://pokemondb.net/pokedex/shroodle
Grafaiai,https://pokemondb.net/pokedex/grafaiai
Bramblin,https://pokemondb.net/pokedex/bramblin
Brambleghast,https://pokemondb.net/pokedex/brambleghast
Toedscool,https://pokemondb.net/pokedex/toedscool
Toedscruel,https://pokemondb.net/pokedex/toedscruel
Klawf,https://pokemondb.net/pokedex/klawf
Capsakid,https://pokemondb.net/pokedex/capsakid
Scovillain,https://pokemondb.net/pokedex/scovillain
Rellor,https://pokemondb.net/pokedex/rellor
Rabsca,https://pokemondb.net/pokedex/rabsca
Flittle,https://pokemondb.net/pokedex/flittle
Espathra,https://pokemondb.net/pokedex/espathra
Tinkatink,https://pokemondb.net/pokedex/tinkatink
Tinkatuff,https://pokemondb.net/pokedex/tinkatuff
Tinkaton,https://pokemondb.net/pokedex/tinkaton
Wiglett,https://pokemondb.net/pokedex/wiglett
Wugtrio,https://pokemondb.net/pokedex/wugtrio
Bombirdier,https://pokemondb.net/pokedex/bombirdier
Finizen,https://pokemondb.net/pokedex/finizen
Palafin,https://pokemondb.net/pokedex/palafin
Varoom,https://pokemondb.net/pokedex/varoom
Revavroom,https://pokemondb.net/pokedex/revavroom
Cyclizar,https://pokemondb.net/pokedex/cyclizar
Orthworm,https://pokemondb.net/pokedex/orthworm
Glimmet,https://pokemondb.net/pokedex/glimmet
Glimmora,https://pokemondb.net/pokedex/glimmora
Greavard,https://pokemondb.net/pokedex/greavard
Houndstone,https://pokemondb.net/pokedex/houndstone
Flamigo,https://pokemondb.net/pokedex/flamigo
Cetoddle,https://pokemondb.net/pokedex/cetoddle
Cetitan,https://pokemondb.net/pokedex/cetitan
Veluza,https://pokemondb.net/pokedex/veluza
Dondozo,https://pokemondb.net/pokedex/dondozo
Tatsugiri,https://pokemondb.net/pokedex/tatsugiri
Annihilape,https://pokemondb.net/pokedex/annihilape
Clodsire,https://pokemondb.net/pokedex/clodsire
Farigiraf,https://pokemondb.net/pokedex/farigiraf
Dudunsparce,https://pokemondb.net/pokedex/dudunsparce
Kingambit,https://pokemondb.net/pokedex/kingambit
Great Tusk,https://pokemondb.net/pokedex/great-tusk
Scream Tail,https://pokemondb.net/pokedex/scream-tail
Brute Bonnet,https://pokemondb.net/pokedex/brute-bonnet
Flutter Mane,https://pokemondb.net/pokedex/flutter-mane
Slither Wing,https://pokemondb.net/pokedex/slither-wing
Sandy Shocks,https://pokemondb.net/pokedex/sandy-shocks
Iron Treads,https://pokemondb.net/pokedex/iron-treads
Iron Bundle,https://pokemondb.net/pokedex/iron-bundle
Iron Hands,https://pokemondb.net/pokedex/iron-hands
Iron Jugulis,https://pokemondb.net/pokedex/iron-jugulis
Iron Moth,https://pokemondb.net/pokedex/iron-moth
Iron Thorns,https://pokemondb.net/pokedex/iron-thorns
Frigibax,https://pokemondb.net/pokedex/frigibax
Arctibax,https://pokemondb.net/pokedex/arctibax
Baxcalibur,https://pokemondb.net/pokedex/baxcalibur
Gimmighoul,https://pokemondb.net/pokedex/gimmighoul
Gholdengo,https://pokemondb.net/pokedex/gholdengo
Wo-Chien,https://pokemondb.net/pokedex/wo-chien
Chien-Pao,https://pokemondb.net/pokedex/chien-pao
Ting-Lu,https://pokemondb.net/pokedex/ting-lu
Chi-Yu,https://pokemondb.net/pokedex/chi-yu
Roaring Moon,https://pokemondb.net/pokedex/roaring-moon
Iron Valiant,https://pokemondb.net/pokedex/iron-valiant
Koraidon,https://pokemondb.net/pokedex/koraidon
Miraidon,https://pokemondb.net/pokedex/miraidon
Walking Wake,https://pokemondb.net/pokedex/walking-wake
Iron Leaves,https://pokemondb.net/pokedex/iron-leaves
Dipplin,https://pokemondb.net/pokedex/dipplin
Poltchageist,https://pokemondb.net/pokedex/poltchageist
Sinistcha,https://pokemondb.net/pokedex/sinistcha
Okidogi,https://pokemondb.net/pokedex/okidogi
Munkidori,https://pokemondb.net/pokedex/munkidori
Fezandipiti,https://pokemondb.net/pokedex/fezandipiti
Ogerpon,https://pokemondb.net/pokedex/ogerpon
Archaludon,https://pokemondb.net/pokedex/archaludon
Hydrapple,https://pokemondb.net/pokedex/hydrapple
Gouging Fire,https://pokemondb.net/pokedex/gouging-fire
Raging Bolt,https://pokemondb.net/pokedex/raging-bolt
Iron Boulder,https://pokemondb.net/pokedex/iron-boulder
Iron Crown,https://pokemondb.net/pokedex/iron-crown
Terapagos,https://pokemondb.net/pokedex/terapagos
Pecharunt,https://pokemondb.net/pokedex/pecharunt
